
{
"companyName": "pixel-combat2",
"productName": "pixel-combat2",
"productVersion": "1",
"dataUrl": "pixel-combat2.data.unityweb",
"wasmCodeUrl": "pixel-combat2.wasm.code.unityweb",
"wasmFrameworkUrl": "pixel-combat2.wasm.framework.unityweb",
"graphicsAPI": ["WebGL 2.0","WebGL 1.0"],
"webglContextAttributes": {"preserveDrawingBuffer": false},
"splashScreenStyle": "Dark",
"backgroundColor": "#231F20",
"cacheControl": {"default": "must-revalidate"},
"developmentBuild": false,
"multithreading": false,
"unityVersion": "2019.3.15f1"
}